<?xml version="1.0" encoding="ISO-8859-1"?>

<!DOCTYPE securityfilter-config PUBLIC
    "-//SecurityFilter.org//DTD Security Filter Configuration 1.1//EN"
    "http://www.securityfilter.org/dtd/securityfilter-config_1_1.dtd">

<securityfilter-config>

   <security-constraint>
      <web-resource-collection>
         <web-resource-name>Secure Page</web-resource-name>
         <url-pattern>/securePage.jsp</url-pattern>
      </web-resource-collection>
      <auth-constraint>
         <role-name>inthisrole</role-name>
      </auth-constraint>
   </security-constraint>

   <security-constraint>
      <web-resource-collection>
         <web-resource-name>Secure page that the example user is not authorized to view</web-resource-name>
         <url-pattern>/forbiddenPage.jsp</url-pattern>
      </web-resource-collection>
      <auth-constraint>
         <role-name>notinthisrole</role-name>
      </auth-constraint>
   </security-constraint>

   <login-config>
      <auth-method>BASIC</auth-method>
      <realm-name>SecurityFilter BASIC Example Application: username=username, password=password</realm-name>
   </login-config>

   <realm className="org.securityfilter.example.realm.TrivialSecurityRealm">
      <realm-param name="exampleProperty" value="it works!" />
   </realm>

</securityfilter-config>