<?xml version="1.0"?>

<!--
$Id: build-webapps.xml,v 1.9 2004/01/26 10:53:49 maxcooper Exp $
$Revision: 1.9 $
$Date: 2004/01/26 10:53:49 $
-->

<!DOCTYPE project [
   <!ENTITY properties SYSTEM "file:./properties.xml">
]>

<project name="securityfilter-webapps" default="build">

   <!-- import common properties -->
   &properties;

   <!-- import ant-contrib tasks -->
   <taskdef resource="net/sf/antcontrib/antcontrib.properties" classpath="${ant-contrib.jar}"/>

   <!-- ========== common web app stuff ============================================================================ -->

   <path id="webapp.classpath">
      <path refid="compile.classpath"/>
      <pathelement location="${build.lib.dir}/${project.name}.jar"/>
   </path>

   <!-- all webapps use these libs -->
   <patternset id="common.lib.files">
      <include name="${project.name}.jar"/>
      <include name="commons-beanutils.jar"/>
      <include name="commons-codec.jar"/>
      <include name="commons-collections.jar"/>
      <include name="commons-digester.jar"/>
      <include name="commons-logging.jar"/>
      <include name="jakarta-oro.jar"/>
   </patternset>

   <!-- ========== blank web app =================================================================================== -->

   <fileset id="blank.lib.files" dir="${build.lib.dir}">
      <patternset refid="common.lib.files"/>
   </fileset>

   <path id="blank.static.path" location="${web.dir}/blank"/>

   <!-- ========== example web app ================================================================================= -->

   <path id="example.src.path" path="${src.example.dir}"/>

   <fileset id="example.lib.files" dir="${build.lib.dir}">
      <patternset refid="common.lib.files"/>
   </fileset>

   <path id="example.static.path">
      <pathelement location="${web.dir}/share"/>
      <pathelement location="${web.dir}/example"/>
   </path>

   <!-- ========== basic web app =================================================================================== -->

   <path id="basic.src.path" path="${src.example.dir}"/>

   <fileset id="basic.lib.files" dir="${build.lib.dir}">
      <patternset refid="common.lib.files"/>
   </fileset>

   <path id="basic.static.path">
      <pathelement location="${web.dir}/share"/>
      <pathelement location="${web.dir}/basic"/>
   </path>

   <!-- ========== catalina web app ================================================================================ -->

   <path id="catalina.src.path" refid="example.src.path"/>

   <fileset id="catalina.lib.files" dir="${build.lib.dir}">
      <patternset refid="common.lib.files"/>
      <include name="catalina.jar"/>
   </fileset>

   <path id="catalina.static.path">
      <pathelement location="${web.dir}/share"/>
      <pathelement location="${web.dir}/catalina-example"/>
   </path>

   <!-- ========== rememberme web app ============================================================================== -->

   <path id="rememberme.src.path" path="${src.example.dir}"/>

   <fileset id="rememberme.lib.files" dir="${build.lib.dir}">
      <patternset refid="common.lib.files"/>
   </fileset>

   <path id="rememberme.static.path">
      <pathelement location="${web.dir}/share"/>
      <pathelement location="${web.dir}/rememberme"/>
   </path>

   <!-- ========== main targets ==================================================================================== -->

   <target name="build">
      <!-- create expanded war dirs for each webapp -->
      <antcall target="build-webapp" inheritall="false">
         <param name="webapp.name" value="blank"/>
      </antcall>
      <antcall target="build-webapp" inheritall="false">
         <param name="webapp.name" value="example"/>
      </antcall>
      <antcall target="build-webapp" inheritall="false">
         <param name="webapp.name" value="basic"/>
      </antcall>
      <antcall target="build-webapp" inheritall="false">
         <param name="webapp.name" value="catalina"/>
      </antcall>
      <antcall target="build-webapp" inheritall="false">
         <param name="webapp.name" value="rememberme"/>
      </antcall>
   </target>

   <target name="dist">
      <!-- create war files for each webapp in the dist dir -->
      <antcall target="webapp-war" inheritall="false">
         <param name="webapp.name" value="blank"/>
      </antcall>
      <antcall target="webapp-war" inheritall="false">
         <param name="webapp.name" value="example"/>
      </antcall>
      <antcall target="webapp-war" inheritall="false">
         <param name="webapp.name" value="basic"/>
      </antcall>
      <antcall target="webapp-war" inheritall="false">
         <param name="webapp.name" value="catalina"/>
      </antcall>
      <antcall target="webapp-war" inheritall="false">
         <param name="webapp.name" value="rememberme"/>
      </antcall>
   </target>

   <target name="deploy">
      <!-- deploy war files -->
      <ant antfile="deploy.xml" inheritall="false" target="deploy">
         <property name="webapp.name" value="${project.name}-blank"/>
      </ant>
      <ant antfile="deploy.xml" inheritall="false" target="deploy">
         <property name="webapp.name" value="${project.name}-example"/>
      </ant>
      <ant antfile="deploy.xml" inheritall="false" target="deploy">
         <property name="webapp.name" value="${project.name}-basic"/>
      </ant>
      <ant antfile="deploy.xml" inheritall="false" target="deploy">
         <property name="webapp.name" value="${project.name}-catalina"/>
      </ant>
      <ant antfile="deploy.xml" inheritall="false" target="deploy">
         <property name="webapp.name" value="${project.name}-rememberme"/>
      </ant>
   </target>

   <target name="undeploy">
      <!-- undeploy webapps -->
      <ant antfile="deploy.xml" inheritall="false" target="undeploy">
         <property name="webapp.name" value="${project.name}-blank"/>
      </ant>
      <ant antfile="deploy.xml" inheritall="false" target="undeploy">
         <property name="webapp.name" value="${project.name}-example"/>
      </ant>
      <ant antfile="deploy.xml" inheritall="false" target="undeploy">
         <property name="webapp.name" value="${project.name}-basic"/>
      </ant>
      <ant antfile="deploy.xml" inheritall="false" target="undeploy">
         <property name="webapp.name" value="${project.name}-catalina"/>
      </ant>
      <ant antfile="deploy.xml" inheritall="false" target="undeploy">
         <property name="webapp.name" value="${project.name}-rememberme"/>
      </ant>
   </target>

   <!-- ========== webapp targets ================================================================================== -->

   <target name="build-webapp"
      depends="webapp-compile,webapp-copy-src,webapp-copy-resources,webapp-copy-static,webapp-lib"/>

   <target name="webapp-init">
      <echo>Processing webapp: ${webapp.name}</echo>
      <property name="webapp.dir" location="${build.webapps.dir}/${webapp.name}"/>
      <mkdir dir="${webapp.dir}"/>
      <property name="webapp.webinf.dir" location="${webapp.dir}/WEB-INF"/>
      <mkdir dir="${webapp.webinf.dir}"/>
   </target>

   <target name="webapp-build-init" depends="webapp-init">
      <!-- check for a source path -->
      <trycatch>
         <try>
            <property name="webapp.compile" refid="${webapp.name}.src.path"/>
         </try>
         <catch>
            <echo>No sources to compile for webapp ${webapp.name}.</echo>
         </catch>
      </trycatch>
      <!-- check for a static files path -->
      <trycatch>
         <try>
            <property name="webapp.copy.static" refid="${webapp.name}.static.path"/>
         </try>
         <catch>
            <echo>No static files to copy for webapp ${webapp.name}.</echo>
         </catch>
      </trycatch>
      <!-- check for lib fileset -->
      <trycatch>
         <try>
            <property name="webapp.copy.lib" refid="${webapp.name}.lib.files"/>
         </try>
         <catch>
            <echo>No library files to copy for webapp ${webapp.name}.</echo>
         </catch>
      </trycatch>
   </target>

   <target name="webapp-compile" depends="webapp-build-init" if="webapp.compile">
      <echo>Processing webapp: ${webapp.name}</echo>
      <property name="webapp.classes.dir" location="${webapp.webinf.dir}/classes"/>
      <mkdir dir="${webapp.classes.dir}"/>
      <!-- compile java sources to webapp.classes.dir -->
      <javac
         destdir="${webapp.classes.dir}"
         debug="${compile.debug}"
         debuglevel="${compile.debuglevel}"
         deprecation="${compile.deprecation}"
         optimize="${compile.optimize}">
         <src refid="${webapp.name}.src.path"/>
         <classpath refid="webapp.classpath"/>
      </javac>
   </target>

   <target name="webapp-copy-src" depends="webapp-build-init" if="webapp.compile">
      <echo>Processing webapp: ${webapp.name}</echo>
      <!-- copy source to src dir -->
      <property name="webapp.src.dir" location="${webapp.webinf.dir}/src"/>
      <mkdir dir="${webapp.src.dir}"/>
      <foreach target="webapp-copy-src-dir" param="webapp.src.dir.element"  inheritall="true">
         <path refid="${webapp.name}.src.path"/>
      </foreach>
   </target>

   <target name="webapp-copy-src-dir">
      <copy todir="${webapp.src.dir}">
         <fileset dir="${webapp.src.dir.element}">
            <include name="**/*.java"/>
         </fileset>
      </copy>
   </target>

   <target name="webapp-copy-resources" depends="webapp-build-init" if="webapp.compile">
      <echo>Processing webapp: ${webapp.name}</echo>
      <!-- copy any resource (non-.java) files to webapp.classes.dir -->
      <property name="webapp.classes.dir" location="${webapp.webinf.dir}/classes"/>
      <mkdir dir="${webapp.classes.dir}"/>
      <foreach target="webapp-copy-resources-dir" param="webapp.resources.dir.element" inheritall="true">
         <path refid="${webapp.name}.src.path"/>
      </foreach>
   </target>

   <target name="webapp-copy-resources-dir">
      <copy todir="${webapp.classes.dir}">
         <fileset dir="${webapp.resources.dir.element}">
            <exclude name="**/*.java"/>
         </fileset>
      </copy>
   </target>

   <target name="webapp-copy-static" depends="webapp-build-init" if="webapp.copy.static">
      <echo>Processing webapp: ${webapp.name}</echo>
      <!-- copy static files for this webapp -->
      <foreach target="webapp-copy-static-dir" param="webapp.static.dir.element" inheritall="true">
         <path refid="${webapp.name}.static.path"/>
      </foreach>
   </target>

   <target name="webapp-copy-static-dir">
      <copy todir="${webapp.dir}">
         <fileset dir="${webapp.static.dir.element}"/>
      </copy>
   </target>

   <target name="webapp-lib" depends="webapp-build-init" if="webapp.copy.lib">
      <echo>Processing webapp: ${webapp.name}</echo>
      <property name="webapp.lib.dir" location="${webapp.webinf.dir}/lib"/>
      <mkdir dir="${webapp.lib.dir}"/>
      <!-- copy the lib files for this webapp to webapp.lib.dir -->
      <copy todir="${webapp.lib.dir}">
         <fileset refid="${webapp.name}.lib.files"/>
      </copy>
   </target>

   <target name="webapp-war" depends="webapp-init">
      <echo>Processing webapp: ${webapp.name}</echo>
      <jar basedir="${webapp.dir}" destfile="${dist.webapps.dir}/${project.name}-${webapp.name}.war"/>
   </target>

</project>
