<?xml version="1.0"?>

<!--
$Id: deploy.xml,v 1.5 2003/06/08 12:40:07 maxcooper Exp $
$Revision: 1.5 $
$Date: 2003/06/08 12:40:07 $
-->

<!DOCTYPE project [
   <!ENTITY properties SYSTEM "file:./properties.xml">
]>

<project name="Generic Tomcat Webapp Deployment" default="deploy">

   &properties;

   <target name="deploy">
      <echo>Deploying ${webapp.name}.war</echo>
      <antcall target="tomcat-deploy"/>
   </target>

   <target name="undeploy">
      <echo>Undeploying ${webapp.name}.war</echo>
      <antcall target="tomcat-undeploy"/>
   </target>

   <target name="tomcat-init" if="env.CATALINA_HOME">
      <!-- Taskdefs for Tomcat (catalina) deployment -->
      <taskdef name="install" classname="org.apache.catalina.ant.InstallTask" classpath="${catalina-ant.jar}"/>
      <taskdef name="remove" classname="org.apache.catalina.ant.RemoveTask" classpath="${catalina-ant.jar}"/>

      <property name="webapp.path" value="/${webapp.name}"/>
      <property name="tomcat.manager.url" value="${tomcat.url}/manager"/>
   </target>

   <target name="tomcat-deploy" depends="tomcat-init,tomcat-undeploy" if="env.CATALINA_HOME">
      <echo>Deploying ${webapp.name}.war on Tomcat</echo>
      <install url="${tomcat.manager.url}"
         username="${tomcat.username}"
         password="${tomcat.password}"
         path="${webapp.path}"
         war="file://${dist.webapps.dir}/${webapp.name}.war"/>
   </target>

   <target name="tomcat-undeploy" depends="tomcat-init,tomcat-undeploy-check" if="tomcat.needs.undeploy">
      <echo>Undeploying ${webapp.name}.war from Tomcat</echo>
      <remove
         url="${tomcat.manager.url}"
         username="${tomcat.username}"
         password="${tomcat.password}"
         path="${webapp.path}"/>
   </target>

   <target name="tomcat-undeploy-check" depends="tomcat-init" if="env.CATALINA_HOME">
      <condition property="tomcat.needs.undeploy">
         <http url="${tomcat.url}${webapp.path}"/>
      </condition>
   </target>

</project>
