<?xml version="1.0" encoding="ISO-8859-1"?>

<!DOCTYPE securityfilter-config PUBLIC
    "-//SecurityFilter.org//DTD Security Filter Configuration 2.0//EN"
    "http://www.securityfilter.org/dtd/securityfilter-config_2_0.dtd">

<securityfilter-config>

   <security-constraint>
      <web-resource-collection>
         <web-resource-name>Secure Page</web-resource-name>
         <url-pattern>/securePage.jsp</url-pattern>
      </web-resource-collection>
      <auth-constraint>
         <role-name>inthisrole</role-name>
      </auth-constraint>
   </security-constraint>

   <security-constraint>
      <web-resource-collection>
         <web-resource-name>Secure page that the example user is not authorized to view</web-resource-name>
         <url-pattern>/forbiddenPage.jsp</url-pattern>
      </web-resource-collection>
      <auth-constraint>
         <role-name>notinthisrole</role-name>
      </auth-constraint>
   </security-constraint>

   <login-config>
      <auth-method>FORM</auth-method>
      <form-login-config>
         <form-login-page>/loginForm.jsp</form-login-page>
         <form-error-page>/loginError.jsp</form-error-page>
         <form-default-page>/index.jsp</form-default-page>
         <!-- logout page definition is important for persistent logins -->
         <form-logout-page>/logout.jsp</form-logout-page>
         <!-- remember-me config -->
         <remember-me className="org.securityfilter.authenticator.persistent.DefaultPersistentLoginManager">
            <!-- optional settings for default persistent login manager -->
            <remember-me-param name="cookieLife" value="15"/>
            <remember-me-param name="protection" value="all"/>
            <remember-me-param name="useIP" value="true"/>
            <remember-me-param name="encryptionAlgorithm" value="DES"/>
            <remember-me-param name="encryptionMode" value="ECB"/>
            <remember-me-param name="encryptionPadding" value="PKCS5Padding"/>
            <!-- encryption keys; customize for each application -->
            <!-- NOTE: these kys must be speciied AFTER other encryption settings -->
            <remember-me-param name="validationKey" value="347382902489402489754895734890347"/>
            <remember-me-param name="encryptionKey" value="347892347028490237487846240673842"/>
         </remember-me>
      </form-login-config>
   </login-config>

   <realm className="org.securityfilter.example.realm.TrivialSecurityRealm">
      <realm-param name="exampleProperty" value="it works!" />
   </realm>

</securityfilter-config>