<?xml version="1.0" encoding="ISO-8859-1"?>

<!DOCTYPE securityfilter-config PUBLIC
    "-//SecurityFilter.org//DTD Security Filter Configuration 2.0//EN"
    "http://www.securityfilter.org/dtd/securityfilter-config_2_0.dtd">

<securityfilter-config>

<!-- security-constraints
   <security-constraint>
      <web-resource-collection>
         <web-resource-name></web-resource-name>
         <url-pattern></url-pattern>
      </web-resource-collection>
      <auth-constraint>
         <role-name></role-name>
      </auth-constraint>
   </security-constraint>
-->

   <login-config>
      <auth-method>FORM</auth-method>
      <form-login-config>
         <!-- login form -->
         <form-login-page></form-login-page>
         <!-- login error page -->
         <form-error-page></form-error-page>
         <!-- send users here on spontaneous login submittal -->
         <form-default-page></form-default-page>
      </form-login-config>
   </login-config>

   <realm className="org.securityfilter.realm.SimpleSecurityRealmBase">
      <!-- <realm-param name="" value="" /> -->
   </realm>

</securityfilter-config>